model,micro_f1_ci_low,micro_f1_ci_high,macro_f1_ci_low,macro_f1_ci_high
CRF,0.7232729509472847,0.7891638234257699,0.6408091068267823,0.7444547683000564
HMM,0.676615983247757,0.7416632741689682,0.583679287135601,0.6820410430431366
SVM,0.7279738128185272,0.7895378559827805,0.628611609339714,0.7309044182300567
Logistic Regression,0.6922093823552131,0.7603308290243149,0.5599002331495285,0.6765042915940285
Random Forest,0.6646993493040403,0.7334832648436228,0.4979157172143459,0.6100861062606175
XGBoost,0.6242750292023024,0.6908249919613203,0.5183498094479243,0.6304654871424039
Naive Bayes,0.6626798748970032,0.7225186824798584,0.5552246421575546,0.6413487359881401
RNN,0.6526317020257314,0.7187655215462049,0.5140531932314237,0.6137220775087674
LSTM,0.6562968795498213,0.7208287303646405,0.5063139411310356,0.5827291662494342
Bi-LSTM,0.7328455676635107,0.7909044414758682,0.6126567631959915,0.7207043543457985
GRU,0.6567390039563179,0.7218100811044376,0.5047731570899487,0.6032840549945832
Bi-GRU,0.7381082942088445,0.7964478532473246,0.6282625103990237,0.7349604303638141
mBERT,0.7231933489441871,0.782477980852127,0.6560052414735158,0.7488304302096367
Distil-mBERT,0.7147703478733699,0.7779160325725873,0.6302213509877523,0.7390463382005692
XLM-R base,0.7927615875999133,0.847234238187472,0.730565556883812,0.8158767397205035
XLM-R base (weighted),0.7855499118566514,0.8399411742885908,0.7203745519121488,0.8070101251204809
XLM-R large,0.7985442563891411,0.852390410999457,0.7382706354061763,0.8166553800304731
Bi-LSTM + CRF,0.7373396640022596,0.7957072551051775,0.6249287317196528,0.7251796379685401
CNN + Bi-GRU + Attn,0.7583281601468722,0.8145019258062044,0.655986912548542,0.7547222008307775
XLM-R base + CRF,0.7827559053897858,0.8381645907958348,0.7211524650454522,0.8072509427865346
XLM-R base + Bi-LSTM + CRF,0.794796825448672,0.8487206722299258,0.7221169148882229,0.8124950379133224
XLM-R large + CRF,0.8065962518254916,0.8605294724305471,0.7469309429327647,0.830167937775453
