Model,Family,Input,Setting,Runs,Configuration,Val micro-F1,Train s/run
CRF,ML,sparse features,trained from scratch,1,c1=0.05; c2=0.1,0.8095,55.5
HMM,ML,word identity,trained from scratch,1,k_emit=0.001,0.727,0.2
SVM,ML,sparse features,trained from scratch,1,C=1; class_weight=balanced,0.7993,153.6
Logistic Regression,ML,sparse features,trained from scratch,1,C=1; class_weight=None,0.7719,59.4
Random Forest,ML,sparse features,trained from scratch,3,class_weight=None,0.7355,252.9
XGBoost,ML,sparse features,trained from scratch,3,max_depth=6,0.6957,90.6
Naive Bayes,ML,sparse features,trained from scratch,1,alpha=0.01,0.7312,0.2
RNN,DL,word emb.,trained from scratch,3,emb_dim=128; hidden=128; dropout=0.3; lr=0.001; batch_size=32; clip=5.0; max_epochs=40; min_epochs=10; patience=6; word_dropout=0.05; char_dim=30; char_filters=50; max_word_chars=20; attn_heads=4; rnn=rnn; bi=False; char=False; attn=False; crf=False; word2vec_init=True; selection=val strict micro-F1; n_params=1263261,0.7551,66.2
LSTM,DL,word emb.,trained from scratch,3,emb_dim=128; hidden=128; dropout=0.3; lr=0.001; batch_size=32; clip=5.0; max_epochs=40; min_epochs=10; patience=6; word_dropout=0.05; char_dim=30; char_filters=50; max_word_chars=20; attn_heads=4; rnn=lstm; bi=False; char=False; attn=False; crf=False; word2vec_init=True; selection=val strict micro-F1; n_params=1362333,0.7479,67.5
Bi-LSTM,DL,word emb.,trained from scratch,3,emb_dim=128; hidden=128; dropout=0.3; lr=0.001; batch_size=32; clip=5.0; max_epochs=40; min_epochs=10; patience=6; word_dropout=0.05; char_dim=30; char_filters=50; max_word_chars=20; attn_heads=4; rnn=lstm; bi=True; char=False; attn=False; crf=False; word2vec_init=True; selection=val strict micro-F1; n_params=1498141,0.7893,95.7
GRU,DL,word emb.,trained from scratch,3,emb_dim=128; hidden=128; dropout=0.3; lr=0.001; batch_size=32; clip=5.0; max_epochs=40; min_epochs=10; patience=6; word_dropout=0.05; char_dim=30; char_filters=50; max_word_chars=20; attn_heads=4; rnn=gru; bi=False; char=False; attn=False; crf=False; word2vec_init=True; selection=val strict micro-F1; n_params=1329309,0.7562,72.4
Bi-GRU,DL,word emb.,trained from scratch,3,emb_dim=128; hidden=128; dropout=0.3; lr=0.001; batch_size=32; clip=5.0; max_epochs=40; min_epochs=10; patience=6; word_dropout=0.05; char_dim=30; char_filters=50; max_word_chars=20; attn_heads=4; rnn=gru; bi=True; char=False; attn=False; crf=False; word2vec_init=True; selection=val strict micro-F1; n_params=1432093,0.7941,85.6
mBERT,Transformer,subword,fine-tuned,3,checkpoint=bert-base-multilingual-cased; head=linear; weighted_loss=False; encoder_lr=3e-05; head_lr=0.001; batch_size=16; max_epochs=15; patience=4; max_len=256; warmup=0.1; weight_decay=0.01; fine_tuned=True; fp16=True; selection=val strict micro-F1; n_params=177875741,0.7683,411.7
Distil-mBERT,Transformer,subword,fine-tuned,3,checkpoint=distilbert-base-multilingual-cased; head=linear; weighted_loss=False; encoder_lr=3e-05; head_lr=0.001; batch_size=16; max_epochs=15; patience=4; max_len=256; warmup=0.1; weight_decay=0.01; fine_tuned=True; fp16=True; selection=val strict micro-F1; n_params=134756381,0.7705,303.9
XLM-R base,Transformer,subword,fine-tuned,3,checkpoint=xlm-roberta-base; head=linear; weighted_loss=False; encoder_lr=3e-05; head_lr=0.001; batch_size=16; max_epochs=15; patience=4; max_len=256; warmup=0.1; weight_decay=0.01; fine_tuned=True; fp16=True; selection=val strict micro-F1; n_params=278065949,0.8431,569.0
XLM-R base (weighted),Transformer,subword,fine-tuned,3,checkpoint=xlm-roberta-base; head=linear; weighted_loss=True; encoder_lr=3e-05; head_lr=0.001; batch_size=16; max_epochs=15; patience=4; max_len=256; warmup=0.1; weight_decay=0.01; fine_tuned=True; fp16=True; selection=val strict micro-F1; n_params=278065949,0.8408,609.5
XLM-R large,Transformer,subword,fine-tuned,3,checkpoint=xlm-roberta-large; head=linear; weighted_loss=False; encoder_lr=1e-05; head_lr=0.001; batch_size=8; max_epochs=15; patience=4; max_len=256; warmup=0.1; weight_decay=0.01; fine_tuned=True; fp16=True; selection=val strict micro-F1; n_params=559920157,0.8566,1956.1
Bi-LSTM + CRF,Hybrid,word emb.,trained from scratch,3,emb_dim=128; hidden=128; dropout=0.3; lr=0.001; batch_size=32; clip=5.0; max_epochs=40; min_epochs=10; patience=6; word_dropout=0.05; char_dim=30; char_filters=50; max_word_chars=20; attn_heads=4; rnn=lstm; bi=True; char=False; attn=False; crf=True; word2vec_init=True; selection=val strict micro-F1; n_params=1499040,0.7901,237.6
CNN + Bi-GRU + Attn,Hybrid,word + char emb.,trained from scratch,3,emb_dim=128; hidden=128; dropout=0.3; lr=0.001; batch_size=32; clip=5.0; max_epochs=40; min_epochs=10; patience=6; word_dropout=0.05; char_dim=30; char_filters=50; max_word_chars=20; attn_heads=4; rnn=gru; bi=True; char=True; attn=True; crf=False; word2vec_init=True; selection=val strict micro-F1; n_params=1743883,0.8067,161.1
XLM-R base + CRF,Hybrid,subword,fine-tuned,3,checkpoint=xlm-roberta-base; head=crf; weighted_loss=False; encoder_lr=3e-05; head_lr=0.001; batch_size=16; max_epochs=15; patience=4; max_len=256; warmup=0.1; weight_decay=0.01; fine_tuned=True; fp16=True; selection=val strict micro-F1; n_params=278066848,0.8451,666.3
XLM-R base + Bi-LSTM + CRF,Hybrid,subword,fine-tuned,3,checkpoint=xlm-roberta-base; head=bilstm_crf; weighted_loss=False; encoder_lr=3e-05; head_lr=0.001; batch_size=16; max_epochs=15; patience=4; max_len=256; warmup=0.1; weight_decay=0.01; fine_tuned=True; fp16=True; selection=val strict micro-F1; n_params=280160672,0.8565,782.0
XLM-R large + CRF,Hybrid,subword,fine-tuned,3,checkpoint=xlm-roberta-large; head=crf; weighted_loss=False; encoder_lr=1e-05; head_lr=0.001; batch_size=8; max_epochs=15; patience=4; max_len=256; warmup=0.1; weight_decay=0.01; fine_tuned=True; fp16=True; selection=val strict micro-F1; n_params=559921056,0.8624,2313.4
