Model,Family,Input,Runs,Micro-P,Micro-R,Micro-F1,Macro-F1,Micro-F1 95% CI,vs. best (Holm p),DATE,DESIGNATION,LOCATION,NUMBER,ORGANIZATION,PERSON,TIME
CRF,ML,sparse features,1,81.2,71.0,75.7,69.7,"[72.3, 78.9]",0.004 *,59.0,52.3,83.7,76.2,68.5,81.7,66.7
HMM,ML,word identity,1,74.1,68.2,71.0,63.7,"[67.7, 74.2]",0.004 *,39.5,48.2,82.2,62.6,69.5,79.3,64.5
SVM,ML,sparse features,1,76.4,75.6,76.0,68.3,"[72.8, 79.0]",0.004 *,64.0,53.2,83.0,75.9,69.9,82.4,50.0
Logistic Regression,ML,sparse features,1,81.3,65.8,72.7,62.3,"[69.2, 76.0]",0.004 *,55.1,47.6,80.5,72.3,67.8,79.4,33.3
Random Forest,ML,sparse features,3,81.3 ± 0.4,61.5 ± 0.3,70.0 ± 0.3,55.3 ± 0.5,"[66.5, 73.3]",0.004 *,35.6,48.2,79.8,67.8,64.2,78.3,13.3
XGBoost,ML,sparse features,3,78.7 ± 0.6,56.6 ± 0.5,65.8 ± 0.5,58.0 ± 1.8,"[62.4, 69.1]",0.004 *,51.9,38.6,73.8,74.4,58.3,65.3,43.5
Naive Bayes,ML,sparse features,1,63.2,76.7,69.3,60.0,"[66.3, 72.3]",0.004 *,56.5,43.6,79.0,75.4,63.3,76.2,25.9
RNN,DL,word emb.,3,75.7 ± 0.7,62.7 ± 0.5,68.6 ± 0.6,56.5 ± 0.2,"[65.3, 71.9]",0.004 *,47.0,50.2,78.7,59.1,61.3,79.6,19.4
LSTM,DL,word emb.,3,75.8 ± 0.8,63.1 ± 1.1,68.9 ± 1.0,54.6 ± 1.8,"[65.6, 72.1]",0.004 *,46.7,50.7,80.0,62.3,59.4,78.6,4.4
Bi-LSTM,DL,word emb.,3,80.4 ± 0.4,72.5 ± 0.2,76.2 ± 0.2,66.9 ± 0.4,"[73.3, 79.1]",0.004 *,57.1,55.5,83.5,76.3,68.4,84.9,42.7
GRU,DL,word emb.,3,76.5 ± 1.1,62.7 ± 1.0,68.9 ± 0.6,55.4 ± 0.8,"[65.7, 72.2]",0.004 *,43.0,49.3,79.5,62.8,61.2,78.8,13.1
Bi-GRU,DL,word emb.,3,80.7 ± 1.3,73.3 ± 1.9,76.8 ± 0.9,68.5 ± 1.5,"[73.8, 79.6]",0.004 *,59.2,55.3,84.3,76.2,69.3,84.5,50.6
mBERT,Transformer,subword,3,77.1 ± 1.4,73.7 ± 0.8,75.4 ± 1.0,70.6 ± 2.4,"[72.3, 78.2]",0.004 *,71.1,57.9,78.4,76.2,69.4,82.7,58.6
Distil-mBERT,Transformer,subword,3,79.6 ± 0.4,70.5 ± 1.2,74.8 ± 0.6,68.9 ± 1.6,"[71.5, 77.8]",0.004 *,72.4,52.4,77.4,75.1,71.5,81.7,51.8
XLM-R base,Transformer,subword,3,82.2 ± 0.3,81.9 ± 1.0,82.1 ± 0.6,77.7 ± 0.8,"[79.3, 84.7]",0.079 (n.s.),68.2,65.8,87.5,80.4,75.5,89.6,77.2
XLM-R base (weighted),Transformer,subword,3,77.8 ± 1.0,85.3 ± 0.2,81.4 ± 0.5,76.8 ± 1.2,"[78.6, 84.0]",0.015 *,70.3,63.9,86.3,82.1,75.2,87.8,71.8
XLM-R large,Transformer,subword,3,83.1 ± 0.6,82.3 ± 2.3,82.7 ± 0.9,78.1 ± 1.2,"[79.9, 85.2]",0.126 (n.s.),74.4,63.3,88.1,78.9,75.7,91.3,75.3
Bi-LSTM + CRF,Hybrid,word emb.,3,78.3 ± 0.1,75.2 ± 1.3,76.7 ± 0.6,67.7 ± 2.2,"[73.7, 79.6]",0.004 *,57.3,53.6,84.2,78.0,68.7,84.8,47.6
CNN + Bi-GRU + Attn,Hybrid,word + char emb.,3,79.6 ± 1.5,77.9 ± 0.9,78.7 ± 0.7,70.9 ± 2.6,"[75.8, 81.5]",0.004 *,65.5,56.0,85.4,79.5,70.9,85.8,52.9
XLM-R base + CRF,Hybrid,subword,3,80.7 ± 1.6,81.6 ± 1.5,81.1 ± 0.5,76.8 ± 0.1,"[78.3, 83.8]",0.004 *,70.1,63.3,86.5,79.2,74.6,88.6,75.0
XLM-R base + Bi-LSTM + CRF,Hybrid,subword,3,81.9 ± 1.4,82.6 ± 0.3,82.3 ± 0.9,77.1 ± 1.0,"[79.5, 84.9]",0.126 (n.s.),74.4,64.5,88.2,80.4,75.5,89.5,67.5
XLM-R large + CRF,Hybrid,subword,3,83.7 ± 0.9,83.2 ± 1.5,83.5 ± 0.4,79.2 ± 1.0,"[80.7, 86.1]",best,69.3,64.5,88.6,80.1,78.1,91.9,81.7
