,CRF,HMM,SVM,Logistic Regression,Random Forest,XGBoost,Naive Bayes,RNN,LSTM,Bi-LSTM,GRU,Bi-GRU,mBERT,Distil-mBERT,XLM-R base,XLM-R base (weighted),XLM-R large,Bi-LSTM + CRF,CNN + Bi-GRU + Attn,XLM-R base + CRF,XLM-R base + Bi-LSTM + CRF,XLM-R large + CRF
CRF,,0.074992500749925,1.0,0.11358864113588642,0.04619538046195381,0.04619538046195381,0.04619538046195381,0.04619538046195381,0.04619538046195381,1.0,0.04619538046195381,1.0,1.0,1.0,0.04619538046195381,0.04619538046195381,0.04619538046195381,1.0,0.18198180181981802,0.04619538046195381,0.04619538046195381,0.04619538046195381
HMM,0.074992500749925,,0.04619538046195381,1.0,1.0,0.135986401359864,1.0,1.0,1.0,0.04619538046195381,1.0,0.04619538046195381,0.23937606239376064,0.6017398260173983,0.04619538046195381,0.04619538046195381,0.04619538046195381,0.04619538046195381,0.04619538046195381,0.04619538046195381,0.04619538046195381,0.04619538046195381
SVM,1.0,0.04619538046195381,,0.047995200479952004,0.04619538046195381,0.04619538046195381,0.04619538046195381,0.04619538046195381,0.04619538046195381,1.0,0.04619538046195381,1.0,1.0,1.0,0.04619538046195381,0.04619538046195381,0.04619538046195381,1.0,0.20477952204779523,0.04619538046195381,0.04619538046195381,0.04619538046195381
Logistic Regression,0.11358864113588642,1.0,0.047995200479952004,,0.31716828317168283,0.04619538046195381,0.6383361663833617,0.074992500749925,0.135986401359864,0.11358864113588642,0.14518548145185484,0.04619538046195381,1.0,1.0,0.04619538046195381,0.04619538046195381,0.04619538046195381,0.047995200479952004,0.04619538046195381,0.04619538046195381,0.04619538046195381,0.04619538046195381
Random Forest,0.04619538046195381,1.0,0.04619538046195381,0.31716828317168283,,0.047995200479952004,1.0,1.0,1.0,0.04619538046195381,1.0,0.04619538046195381,0.04619538046195381,0.074992500749925,0.04619538046195381,0.04619538046195381,0.04619538046195381,0.04619538046195381,0.04619538046195381,0.04619538046195381,0.04619538046195381,0.04619538046195381
XGBoost,0.04619538046195381,0.135986401359864,0.04619538046195381,0.04619538046195381,0.047995200479952004,,1.0,1.0,1.0,0.04619538046195381,1.0,0.04619538046195381,0.04619538046195381,0.04619538046195381,0.04619538046195381,0.04619538046195381,0.04619538046195381,0.04619538046195381,0.04619538046195381,0.04619538046195381,0.04619538046195381,0.04619538046195381
Naive Bayes,0.04619538046195381,1.0,0.04619538046195381,0.6383361663833617,1.0,1.0,,1.0,1.0,0.04619538046195381,1.0,0.04619538046195381,0.04619538046195381,0.04619538046195381,0.04619538046195381,0.04619538046195381,0.04619538046195381,0.04619538046195381,0.04619538046195381,0.04619538046195381,0.04619538046195381,0.04619538046195381
RNN,0.04619538046195381,1.0,0.04619538046195381,0.074992500749925,1.0,1.0,1.0,,1.0,0.04619538046195381,1.0,0.04619538046195381,0.04619538046195381,0.04619538046195381,0.04619538046195381,0.04619538046195381,0.04619538046195381,0.04619538046195381,0.04619538046195381,0.04619538046195381,0.04619538046195381,0.04619538046195381
LSTM,0.04619538046195381,1.0,0.04619538046195381,0.135986401359864,1.0,1.0,1.0,1.0,,0.04619538046195381,1.0,0.04619538046195381,0.04619538046195381,0.04619538046195381,0.04619538046195381,0.04619538046195381,0.04619538046195381,0.04619538046195381,0.04619538046195381,0.04619538046195381,0.04619538046195381,0.04619538046195381
Bi-LSTM,1.0,0.04619538046195381,1.0,0.11358864113588642,0.04619538046195381,0.04619538046195381,0.04619538046195381,0.04619538046195381,0.04619538046195381,,0.04619538046195381,1.0,1.0,1.0,0.04619538046195381,0.04619538046195381,0.04619538046195381,1.0,0.04619538046195381,0.04619538046195381,0.04619538046195381,0.04619538046195381
GRU,0.04619538046195381,1.0,0.04619538046195381,0.14518548145185484,1.0,1.0,1.0,1.0,1.0,0.04619538046195381,,0.04619538046195381,0.04619538046195381,0.04619538046195381,0.04619538046195381,0.04619538046195381,0.04619538046195381,0.04619538046195381,0.04619538046195381,0.04619538046195381,0.04619538046195381,0.04619538046195381
Bi-GRU,1.0,0.04619538046195381,1.0,0.04619538046195381,0.04619538046195381,0.04619538046195381,0.04619538046195381,0.04619538046195381,0.04619538046195381,1.0,0.04619538046195381,,1.0,1.0,0.04619538046195381,0.04619538046195381,0.04619538046195381,1.0,0.1007899210078992,0.04619538046195381,0.04619538046195381,0.04619538046195381
mBERT,1.0,0.23937606239376064,1.0,1.0,0.04619538046195381,0.04619538046195381,0.04619538046195381,0.04619538046195381,0.04619538046195381,1.0,0.04619538046195381,1.0,,1.0,0.04619538046195381,0.04619538046195381,0.04619538046195381,1.0,0.047995200479952004,0.04619538046195381,0.04619538046195381,0.04619538046195381
Distil-mBERT,1.0,0.6017398260173983,1.0,1.0,0.074992500749925,0.04619538046195381,0.04619538046195381,0.04619538046195381,0.04619538046195381,1.0,0.04619538046195381,1.0,1.0,,0.04619538046195381,0.04619538046195381,0.04619538046195381,1.0,0.04619538046195381,0.04619538046195381,0.04619538046195381,0.04619538046195381
XLM-R base,0.04619538046195381,0.04619538046195381,0.04619538046195381,0.04619538046195381,0.04619538046195381,0.04619538046195381,0.04619538046195381,0.04619538046195381,0.04619538046195381,0.04619538046195381,0.04619538046195381,0.04619538046195381,0.04619538046195381,0.04619538046195381,,1.0,1.0,0.04619538046195381,0.0607939206079392,1.0,1.0,1.0
XLM-R base (weighted),0.04619538046195381,0.04619538046195381,0.04619538046195381,0.04619538046195381,0.04619538046195381,0.04619538046195381,0.04619538046195381,0.04619538046195381,0.04619538046195381,0.04619538046195381,0.04619538046195381,0.04619538046195381,0.04619538046195381,0.04619538046195381,1.0,,1.0,0.04619538046195381,0.46795320467953205,1.0,1.0,0.23937606239376064
XLM-R large,0.04619538046195381,0.04619538046195381,0.04619538046195381,0.04619538046195381,0.04619538046195381,0.04619538046195381,0.04619538046195381,0.04619538046195381,0.04619538046195381,0.04619538046195381,0.04619538046195381,0.04619538046195381,0.04619538046195381,0.04619538046195381,1.0,1.0,,0.04619538046195381,0.04619538046195381,0.6831316868313169,1.0,1.0
Bi-LSTM + CRF,1.0,0.04619538046195381,1.0,0.047995200479952004,0.04619538046195381,0.04619538046195381,0.04619538046195381,0.04619538046195381,0.04619538046195381,1.0,0.04619538046195381,1.0,1.0,1.0,0.04619538046195381,0.04619538046195381,0.04619538046195381,,0.1241875812418758,0.04619538046195381,0.04619538046195381,0.04619538046195381
CNN + Bi-GRU + Attn,0.18198180181981802,0.04619538046195381,0.20477952204779523,0.04619538046195381,0.04619538046195381,0.04619538046195381,0.04619538046195381,0.04619538046195381,0.04619538046195381,0.04619538046195381,0.04619538046195381,0.1007899210078992,0.047995200479952004,0.04619538046195381,0.0607939206079392,0.46795320467953205,0.04619538046195381,0.1241875812418758,,0.6031396860313969,0.04619538046195381,0.04619538046195381
XLM-R base + CRF,0.04619538046195381,0.04619538046195381,0.04619538046195381,0.04619538046195381,0.04619538046195381,0.04619538046195381,0.04619538046195381,0.04619538046195381,0.04619538046195381,0.04619538046195381,0.04619538046195381,0.04619538046195381,0.04619538046195381,0.04619538046195381,1.0,1.0,0.6831316868313169,0.04619538046195381,0.6031396860313969,,1.0,0.04619538046195381
XLM-R base + Bi-LSTM + CRF,0.04619538046195381,0.04619538046195381,0.04619538046195381,0.04619538046195381,0.04619538046195381,0.04619538046195381,0.04619538046195381,0.04619538046195381,0.04619538046195381,0.04619538046195381,0.04619538046195381,0.04619538046195381,0.04619538046195381,0.04619538046195381,1.0,1.0,1.0,0.04619538046195381,0.04619538046195381,1.0,,1.0
XLM-R large + CRF,0.04619538046195381,0.04619538046195381,0.04619538046195381,0.04619538046195381,0.04619538046195381,0.04619538046195381,0.04619538046195381,0.04619538046195381,0.04619538046195381,0.04619538046195381,0.04619538046195381,0.04619538046195381,0.04619538046195381,0.04619538046195381,1.0,0.23937606239376064,1.0,0.04619538046195381,0.04619538046195381,0.04619538046195381,1.0,
