Model,Family,DATE,DESIGNATION,LOCATION,NUMBER,ORGANIZATION,PERSON,TIME
CRF,ML,59.0,52.3,83.7,76.2,68.5,81.7,66.7
HMM,ML,39.5,48.2,82.2,62.6,69.5,79.3,64.5
SVM,ML,64.0,53.2,83.0,75.9,69.9,82.4,50.0
Logistic Regression,ML,55.1,47.6,80.5,72.3,67.8,79.4,33.3
Random Forest,ML,35.6 ± 1.9,48.2 ± 2.0,79.8 ± 0.7,67.8 ± 0.5,64.2 ± 0.4,78.3 ± 0.2,13.3 ± 0.0
XGBoost,ML,51.9 ± 4.8,38.6 ± 1.3,73.8 ± 0.6,74.4 ± 1.1,58.3 ± 1.4,65.3 ± 0.2,43.5 ± 12.3
Naive Bayes,ML,56.5,43.6,79.0,75.4,63.3,76.2,25.9
RNN,DL,47.0 ± 4.5,50.2 ± 3.1,78.7 ± 0.6,59.1 ± 1.4,61.3 ± 1.6,79.6 ± 0.8,19.4 ± 6.0
LSTM,DL,46.7 ± 1.6,50.7 ± 4.5,80.0 ± 1.0,62.3 ± 0.7,59.4 ± 1.1,78.6 ± 0.8,4.4 ± 7.7
Bi-LSTM,DL,57.1 ± 5.3,55.5 ± 3.0,83.5 ± 0.8,76.3 ± 0.9,68.4 ± 1.1,84.9 ± 0.8,42.7 ± 6.9
GRU,DL,43.0 ± 1.2,49.3 ± 1.3,79.5 ± 0.1,62.8 ± 1.7,61.2 ± 1.1,78.8 ± 0.4,13.1 ± 0.5
Bi-GRU,DL,59.2 ± 3.4,55.3 ± 2.1,84.3 ± 1.0,76.2 ± 1.8,69.3 ± 2.2,84.5 ± 1.1,50.6 ± 8.9
mBERT,Transformer,71.1 ± 5.8,57.9 ± 2.7,78.4 ± 0.8,76.2 ± 2.4,69.4 ± 0.9,82.7 ± 0.2,58.6 ± 8.4
Distil-mBERT,Transformer,72.4 ± 5.0,52.4 ± 2.0,77.4 ± 1.1,75.1 ± 0.4,71.5 ± 1.1,81.7 ± 0.3,51.8 ± 7.4
XLM-R base,Transformer,68.2 ± 1.3,65.8 ± 2.1,87.5 ± 1.4,80.4 ± 2.0,75.5 ± 1.1,89.6 ± 0.8,77.2 ± 5.4
XLM-R base (weighted),Transformer,70.3 ± 4.0,63.9 ± 2.0,86.3 ± 0.7,82.1 ± 0.5,75.2 ± 0.9,87.8 ± 0.7,71.8 ± 6.6
XLM-R large,Transformer,74.4 ± 5.8,63.3 ± 4.5,88.1 ± 1.1,78.9 ± 0.8,75.7 ± 2.3,91.3 ± 1.1,75.3 ± 5.5
Bi-LSTM + CRF,Hybrid,57.3 ± 5.9,53.6 ± 4.7,84.2 ± 1.5,78.0 ± 1.5,68.7 ± 1.9,84.8 ± 0.3,47.6 ± 7.5
CNN + Bi-GRU + Attn,Hybrid,65.5 ± 1.8,56.0 ± 2.0,85.4 ± 1.8,79.5 ± 0.6,70.9 ± 1.3,85.8 ± 1.4,52.9 ± 14.3
XLM-R base + CRF,Hybrid,70.1 ± 3.9,63.3 ± 1.6,86.5 ± 0.6,79.2 ± 2.3,74.6 ± 2.7,88.6 ± 0.5,75.0 ± 1.6
XLM-R base + Bi-LSTM + CRF,Hybrid,74.4 ± 0.9,64.5 ± 2.8,88.2 ± 0.4,80.4 ± 1.3,75.5 ± 2.0,89.5 ± 1.7,67.5 ± 3.0
XLM-R large + CRF,Hybrid,69.3 ± 3.0,64.5 ± 2.5,88.6 ± 0.3,80.1 ± 1.3,78.1 ± 3.2,91.9 ± 0.4,81.7 ± 3.7
